<?xml version="1.0" encoding="UTF-8"?>
<project-private xmlns="http://www.netbeans.org/ns/project-private/1">
    <editor-bookmarks xmlns="http://www.netbeans.org/ns/editor-bookmarks/2" lastBookmarkId="0"/>
    <open-files xmlns="http://www.netbeans.org/ns/projectui-open-files/2">
        <group>
            <file>file:/C:/Users/Harrison/Documents/RTM/StonyBrook/Courses/CSE219/Fall2014/projects/JavaFXExamples/src/javafxexamples/ControlCircle.java</file>
            <file>file:/C:/Users/Harrison/Documents/RTM/StonyBrook/Courses/CSE219/Fall2014/projects/JavaFXExamples/src/javafxexamples/ControlCircleWithMouse.java</file>
            <file>file:/C:/Users/Harrison/Documents/RTM/StonyBrook/Courses/CSE219/Fall2014/projects/JavaFXExamples/src/javafxexamples/ImagePanel.java</file>
            <file>file:/C:/Users/Harrison/Documents/RTM/StonyBrook/Courses/CSE219/Fall2014/projects/JavaFXExamples/src/javafxexamples/NestedPanesGUI.java</file>
            <file>file:/C:/Users/Harrison/Documents/RTM/StonyBrook/Courses/CSE219/Fall2014/projects/JavaFXExamples/src/javafxexamples/HelloWorld.java</file>
            <file>file:/C:/Users/Harrison/Documents/RTM/StonyBrook/Courses/CSE219/Fall2014/projects/JavaFXExamples/src/javafxexamples/ShowGridPane.java</file>
            <file>file:/C:/Users/Harrison/Documents/RTM/StonyBrook/Courses/CSE219/Fall2014/projects/JavaFXExamples/src/javafxexamples/ImageMosaicApp.java</file>
            <file>file:/C:/Users/Harrison/Documents/RTM/StonyBrook/Courses/CSE219/Fall2014/projects/JavaFXExamples/src/javafxexamples/MouseEventDemo.java</file>
            <file>file:/C:/Users/Harrison/Documents/RTM/StonyBrook/Courses/CSE219/Fall2014/projects/JavaFXExamples/src/javafxexamples/ButtonInPane.java</file>
            <file>file:/C:/Users/Harrison/Documents/RTM/StonyBrook/Courses/CSE219/Fall2014/projects/JavaFXExamples/src/javafxexamples/ShowHBox.java</file>
            <file>file:/C:/Users/Harrison/Documents/RTM/StonyBrook/Courses/CSE219/Fall2014/projects/JavaFXExamples/src/javafxexamples/PentaFrame.java</file>
            <file>file:/C:/Users/Harrison/Documents/RTM/StonyBrook/Courses/CSE219/Fall2014/projects/JavaFXExamples/src/javafxexamples/BindingDemo.java</file>
            <file>file:/C:/Users/Harrison/Documents/RTM/StonyBrook/Courses/CSE219/Fall2014/projects/JavaFXExamples/src/javafxexamples/ShowFlowPane.java</file>
            <file>file:/C:/Users/Harrison/Documents/RTM/StonyBrook/Courses/CSE219/Fall2014/projects/JavaFXExamples/src/javafxexamples/ShowBorderPane.java</file>
            <file>file:/C:/Users/Harrison/Documents/RTM/StonyBrook/Courses/CSE219/Fall2014/projects/JavaFXExamples/src/javafxexamples/ShowCircle.java</file>
            <file>file:/C:/Users/Harrison/Documents/RTM/StonyBrook/Courses/CSE219/Fall2014/projects/JavaFXExamples/src/javafxexamples/MultipleStageDemo.java</file>
            <file>file:/C:/Users/Harrison/Documents/RTM/StonyBrook/Courses/CSE219/Fall2014/projects/JavaFXExamples/src/javafxexamples/NodeStyleRotateDemo.java</file>
            <file>file:/C:/Users/Harrison/Documents/RTM/StonyBrook/Courses/CSE219/Fall2014/projects/JavaFXExamples/src/javafxexamples/ShowVBox.java</file>
            <file>file:/C:/Users/Harrison/Documents/RTM/StonyBrook/Courses/CSE219/Fall2014/projects/JavaFXExamples/src/javafxexamples/OuterClass.java</file>
            <file>file:/C:/Users/Harrison/Documents/RTM/StonyBrook/Courses/CSE219/Fall2014/projects/JavaFXExamples/src/javafxexamples/MyFirstJavaFX.java</file>
            <file>file:/C:/Users/Harrison/Documents/RTM/StonyBrook/Courses/CSE219/Fall2014/projects/JavaFXExamples/src/javafxexamples/ShowCircleCentered.java</file>
            <file>file:/C:/Users/Harrison/Documents/RTM/StonyBrook/Courses/CSE219/Fall2014/projects/JavaFXExamples/src/javafxexamples/PentaPanel.java</file>
        </group>
    </open-files>
</project-private>
